{
    "access_protocol":  "iscsi",
    "app_uuid":  "",
    "creation_time":  1568227491,
    "description":  "",
    "fc_initiators":  null,
    "full_name":  "kirk",
    "host_type":  "auto",
    "id":  "022b4bd8361b856bbc00000000000000000000000c",
    "iscsi_initiators":  [
                             {
                                 "id":  "0b2b4bd8361b856bbc00000000000000000000000c",
                                 "initiator_id":  "0b2b4bd8361b856bbc00000000000000000000000c",
                                 "ip_address":  "*",
                                 "iqn":  "iqn.1991-05.com.microsoft:kirk.lionetti.lab",
                                 "label":  "KirkIQN"
                             }
                         ],
    "last_modified":  1568227491,
    "metadata":  null,
    "name":  "kirk",
    "num_connections":  0,
    "search_name":  "kirk",
    "target_subnets":  null,
    "volume_count":  2,
    "volume_list":  [
                        {
                            "app_category":  "Virtual Server",
                            "full_name":  "default:/EnterpriseHyperVReplicaTarget",
                            "id":  "062b4bd8361b856bbc000000000000000000000019",
                            "lun":  0,
                            "name":  "EnterpriseHyperVReplicaTarget"
                        },
                        {
                            "app_category":  "Virtual Server",
                            "full_name":  "default:/EnterpriseCSV",
                            "id":  "062b4bd8361b856bbc000000000000000000000018",
                            "lun":  0,
                            "name":  "EnterpriseCSV"
                        }
                    ]
}