{
    "access_protocol":  "iscsi",
    "app_uuid":  "",
    "creation_time":  1568223418,
    "description":  "",
    "fc_initiators":  null,
    "full_name":  "riker",
    "host_type":  "auto",
    "id":  "022b4bd8361b856bbc000000000000000000000009",
    "iscsi_initiators":  [
                             {
                                 "id":  "0b2b4bd8361b856bbc000000000000000000000009",
                                 "initiator_id":  "0b2b4bd8361b856bbc000000000000000000000009",
                                 "ip_address":  "*",
                                 "iqn":  "iqn.1991-05.com.microsoft:riker.lionetti.lab",
                                 "label":  "RikerIQN"
                             }
                         ],
    "last_modified":  1568223418,
    "metadata":  null,
    "name":  "riker",
    "num_connections":  0,
    "search_name":  "riker",
    "target_subnets":  null,
    "volume_count":  0,
    "volume_list":  null
}