{
    "access_protocol":  "iscsi",
    "app_uuid":  "",
    "creation_time":  1570744864,
    "description":  "",
    "fc_initiators":  null,
    "full_name":  "hostname",
    "host_type":  "auto",
    "id":  "022b4bd8361b856bbc000000000000000000000011",
    "iscsi_initiators":  [
                             {
                                 "id":  "0b2b4bd8361b856bbc00000000000000000000000f",
                                 "initiator_id":  "0b2b4bd8361b856bbc00000000000000000000000f",
                                 "ip_address":  "*",
                                 "iqn":  "iqn.1991-05.com.microsoft:nwt7test.lionetti.lab",
                                 "label":  "MyIQN1"
                             }
                         ],
    "last_modified":  1570744910,
    "metadata":  null,
    "name":  "hostname",
    "num_connections":  2,
    "search_name":  "hostname",
    "target_subnets":  null,
    "volume_count":  1,
    "volume_list":  [
                        {
                            "app_category":  "Other",
                            "full_name":  "default:/MyNewVolume",
                            "id":  "062b4bd8361b856bbc000000000000000000000028",
                            "lun":  0,
                            "name":  "MyNewVolume"
                        }
                    ]
}