{
    "access_protocol":  "iscsi",
    "app_uuid":  "",
    "creation_time":  1559854297,
    "description":  "Automatically Created using Scripts",
    "fc_initiators":  null,
    "full_name":  "NSSCDPM",
    "host_type":  "auto",
    "id":  "022b4bd8361b856bbc000000000000000000000008",
    "iscsi_initiators":  [
                             {
                                 "id":  "0b2b4bd8361b856bbc000000000000000000000008",
                                 "initiator_id":  "0b2b4bd8361b856bbc000000000000000000000008",
                                 "ip_address":  "*",
                                 "iqn":  "iqn.1991-05.com.microsoft:nsscdpm.lionetti.lab",
                                 "label":  "NSSCDPM-Autocreated"
                             }
                         ],
    "last_modified":  1559854299,
    "metadata":  null,
    "name":  "NSSCDPM",
    "num_connections":  2,
    "search_name":  "NSSCDPM",
    "target_subnets":  null,
    "volume_count":  1,
    "volume_list":  [
                        {
                            "app_category":  "Other",
                            "full_name":  "default:/NSSCDPMData",
                            "id":  "062b4bd8361b856bbc00000000000000000000000c",
                            "lun":  0,
                            "name":  "NSSCDPMData"
                        }
                    ]
}