{
    "access_protocol":  "iscsi",
    "app_uuid":  "",
    "creation_time":  1568223874,
    "description":  "",
    "fc_initiators":  null,
    "full_name":  "picard",
    "host_type":  "auto",
    "id":  "022b4bd8361b856bbc00000000000000000000000a",
    "iscsi_initiators":  [
                             {
                                 "id":  "0b2b4bd8361b856bbc00000000000000000000000a",
                                 "initiator_id":  "0b2b4bd8361b856bbc00000000000000000000000a",
                                 "ip_address":  "*",
                                 "iqn":  "iqn.1991-05.com.microsoft:picard.lionetti.lab",
                                 "label":  "PicardIQN"
                             }
                         ],
    "last_modified":  1568223874,
    "metadata":  null,
    "name":  "picard",
    "num_connections":  6,
    "search_name":  "picard",
    "target_subnets":  null,
    "volume_count":  2,
    "volume_list":  [
                        {
                            "app_category":  "File Server",
                            "full_name":  "default:/TestPicardFS",
                            "id":  "062b4bd8361b856bbc000000000000000000000029",
                            "lun":  0,
                            "name":  "TestPicardFS"
                        },
                        {
                            "app_category":  "File Server",
                            "full_name":  "default:/PicardTest2",
                            "id":  "062b4bd8361b856bbc00000000000000000000002a",
                            "lun":  0,
                            "name":  "PicardTest2"
                        }
                    ]
}