{
    "access_protocol":  "iscsi",
    "app_uuid":  "",
    "creation_time":  1579727755,
    "description":  "",
    "fc_initiators":  null,
    "full_name":  "Q",
    "host_type":  "auto",
    "id":  "022b4bd8361b856bbc000000000000000000000012",
    "iscsi_initiators":  [
                             {
                                 "id":  "0b2b4bd8361b856bbc000000000000000000000010",
                                 "initiator_id":  "0b2b4bd8361b856bbc000000000000000000000010",
                                 "ip_address":  "*",
                                 "iqn":  "iqn.1991-05.com.microsoft:q.lionetti.lab",
                                 "label":  "Q-IQN"
                             }
                         ],
    "last_modified":  1579727755,
    "metadata":  null,
    "name":  "Q",
    "num_connections":  3,
    "search_name":  "Q",
    "target_subnets":  null,
    "volume_count":  1,
    "volume_list":  [
                        {
                            "app_category":  "Virtual Server",
                            "full_name":  "default:/Q-Data",
                            "id":  "062b4bd8361b856bbc00000000000000000000002b",
                            "lun":  0,
                            "name":  "Q-Data"
                        }
                    ]
}