{
    "access_protocol":  "iscsi",
    "app_uuid":  "",
    "creation_time":  1559847211,
    "description":  "",
    "fc_initiators":  null,
    "full_name":  "Taylor",
    "host_type":  "auto",
    "id":  "022b4bd8361b856bbc000000000000000000000006",
    "iscsi_initiators":  [
                             {
                                 "id":  "0b2b4bd8361b856bbc000000000000000000000006",
                                 "initiator_id":  "0b2b4bd8361b856bbc000000000000000000000006",
                                 "ip_address":  "*",
                                 "iqn":  "iqn.ewlkjfelkjhf.dsflkjfdslkjhfds:saffdsa",
                                 "label":  "TaylorsLaptop"
                             }
                         ],
    "last_modified":  1567120608,
    "metadata":  null,
    "name":  "Taylor",
    "num_connections":  0,
    "search_name":  "Taylor",
    "target_subnets":  [
                           {
                               "id":  "1a2b4bd8361b856bbc000000000000000000000004",
                               "label":  "iSCSI1"
                           },
                           {
                               "id":  "1a2b4bd8361b856bbc000000000000000000000005",
                               "label":  "iSCSI2"
                           }
                       ],
    "volume_count":  3,
    "volume_list":  [
                        {
                            "app_category":  "SQL Server",
                            "full_name":  "default:/SQL2019-DataBase",
                            "id":  "062b4bd8361b856bbc00000000000000000000000e",
                            "lun":  0,
                            "name":  "SQL2019-DataBase"
                        },
                        {
                            "app_category":  "SQL Server",
                            "full_name":  "default:/SQL2019-Logs",
                            "id":  "062b4bd8361b856bbc00000000000000000000000d",
                            "lun":  0,
                            "name":  "SQL2019-Logs"
                        },
                        {
                            "app_category":  "Virtual Server",
                            "full_name":  "default:/VM7-BootDrive",
                            "id":  "062b4bd8361b856bbc00000000000000000000000f",
                            "lun":  0,
                            "name":  "VM7-BootDrive"
                        }
                    ]
}