{
    "access_protocol":  "iscsi",
    "app_uuid":  "",
    "creation_time":  1559256999,
    "description":  "Automatically Created using Scripts",
    "fc_initiators":  null,
    "full_name":  "NSSQL",
    "host_type":  "auto",
    "id":  "022b4bd8361b856bbc000000000000000000000003",
    "iscsi_initiators":  [
                             {
                                 "id":  "0b2b4bd8361b856bbc000000000000000000000003",
                                 "initiator_id":  "0b2b4bd8361b856bbc000000000000000000000003",
                                 "ip_address":  "*",
                                 "iqn":  "iqn.1991-05.com.microsoft:nssql.lionetti.lab",
                                 "label":  "NSSQL-Autocreated"
                             }
                         ],
    "last_modified":  1559257000,
    "metadata":  null,
    "name":  "NSSQL",
    "num_connections":  2,
    "search_name":  "NSSQL",
    "target_subnets":  null,
    "volume_count":  1,
    "volume_list":  [
                        {
                            "app_category":  "SQL Server",
                            "full_name":  "default:/SCSQL2017",
                            "id":  "062b4bd8361b856bbc000000000000000000000006",
                            "lun":  0,
                            "name":  "SCSQL2017"
                        }
                    ]
}