{
    "access_protocol":  "iscsi",
    "app_uuid":  "",
    "creation_time":  1549476474,
    "description":  "",
    "fc_initiators":  null,
    "full_name":  "Crypt",
    "host_type":  "auto",
    "id":  "022b4bd8361b856bbc000000000000000000000001",
    "iscsi_initiators":  [
                             {
                                 "id":  "0b2b4bd8361b856bbc000000000000000000000001",
                                 "initiator_id":  "0b2b4bd8361b856bbc000000000000000000000001",
                                 "ip_address":  "*",
                                 "iqn":  "iqn.1991-05.com.microsoft:crypt",
                                 "label":  "Crypt"
                             }
                         ],
    "last_modified":  1549476474,
    "metadata":  null,
    "name":  "Crypt",
    "num_connections":  0,
    "search_name":  "Crypt",
    "target_subnets":  null,
    "volume_count":  5,
    "volume_list":  [
                        {
                            "app_category":  "File Server",
                            "full_name":  "default:/Crypt-MovsOld",
                            "id":  "062b4bd8361b856bbc000000000000000000000001",
                            "lun":  0,
                            "name":  "Crypt-MovsOld"
                        },
                        {
                            "app_category":  "File Server",
                            "full_name":  "default:/Crypt-Audio",
                            "id":  "062b4bd8361b856bbc000000000000000000000003",
                            "lun":  0,
                            "name":  "Crypt-Audio"
                        },
                        {
                            "app_category":  "File Server",
                            "full_name":  "default:/V2",
                            "id":  "062b4bd8361b856bbc000000000000000000000004",
                            "lun":  0,
                            "name":  "V2"
                        },
                        {
                            "app_category":  "File Server",
                            "full_name":  "default:/Crypt-Port",
                            "id":  "062b4bd8361b856bbc000000000000000000000002",
                            "lun":  0,
                            "name":  "Crypt-Port"
                        },
                        {
                            "app_category":  "Virtual Server",
                            "full_name":  "default:/Test1",
                            "id":  "062b4bd8361b856bbc000000000000000000000014",
                            "lun":  0,
                            "name":  "Test1"
                        }
                    ]
}