{
    "access_protocol":  "iscsi",
    "app_uuid":  "",
    "creation_time":  1568225314,
    "description":  "",
    "fc_initiators":  null,
    "full_name":  "Dax",
    "host_type":  "auto",
    "id":  "022b4bd8361b856bbc00000000000000000000000b",
    "iscsi_initiators":  [
                             {
                                 "id":  "0b2b4bd8361b856bbc00000000000000000000000b",
                                 "initiator_id":  "0b2b4bd8361b856bbc00000000000000000000000b",
                                 "ip_address":  "*",
                                 "iqn":  "iqn.1991-05.com.microsoft:dax.lionetti.lab",
                                 "label":  "DaxIQN"
                             }
                         ],
    "last_modified":  1568225314,
    "metadata":  null,
    "name":  "Dax",
    "num_connections":  8,
    "search_name":  "Dax",
    "target_subnets":  null,
    "volume_count":  4,
    "volume_list":  [
                        {
                            "app_category":  "Virtual Server",
                            "full_name":  "default:/DS9CSV",
                            "id":  "062b4bd8361b856bbc000000000000000000000017",
                            "lun":  0,
                            "name":  "DS9CSV"
                        },
                        {
                            "app_category":  "Virtual Server",
                            "full_name":  "default:/DS9HyperVReplica",
                            "id":  "062b4bd8361b856bbc00000000000000000000001a",
                            "lun":  0,
                            "name":  "DS9HyperVReplica"
                        },
                        {
                            "app_category":  "Virtual Server",
                            "full_name":  "default:/DS9CSVTest",
                            "id":  "062b4bd8361b856bbc000000000000000000000027",
                            "lun":  0,
                            "name":  "DS9CSVTest"
                        },
                        {
                            "app_category":  "Virtual Server",
                            "full_name":  "default:/DS9CSV1",
                            "id":  "062b4bd8361b856bbc000000000000000000000025",
                            "lun":  0,
                            "name":  "DS9CSV1"
                        }
                    ]
}