{
    "access_protocol":  "iscsi",
    "app_uuid":  "",
    "creation_time":  1549574939,
    "description":  "",
    "fc_initiators":  null,
    "full_name":  "CentOS",
    "host_type":  "auto",
    "id":  "022b4bd8361b856bbc000000000000000000000002",
    "iscsi_initiators":  [
                             {
                                 "id":  "0b2b4bd8361b856bbc000000000000000000000002",
                                 "initiator_id":  "0b2b4bd8361b856bbc000000000000000000000002",
                                 "ip_address":  "*",
                                 "iqn":  "iqn.1994-05.lab.lionetti:CentOS",
                                 "label":  "CentOS-iqn"
                             }
                         ],
    "last_modified":  1549574939,
    "metadata":  null,
    "name":  "CentOS",
    "num_connections":  0,
    "search_name":  "CentOS",
    "target_subnets":  null,
    "volume_count":  2,
    "volume_list":  [
                        {
                            "app_category":  "Other",
                            "full_name":  "default:/bob",
                            "id":  "062b4bd8361b856bbc00000000000000000000000b",
                            "lun":  0,
                            "name":  "bob"
                        },
                        {
                            "app_category":  "Backup",
                            "full_name":  "default:/fdghdfgfc",
                            "id":  "062b4bd8361b856bbc000000000000000000000015",
                            "lun":  0,
                            "name":  "fdghdfgfc"
                        }
                    ]
}