{
    "access_protocol":  "iscsi",
    "agent_type":  "none",
    "app_uuid":  "00000001000040028b4bd8361b856bbc",
    "appserver_id":  "",
    "appserver_name":  "",
    "capacity_bytes":  24716521871770,
    "compressed_snap_usage_bytes":  0,
    "compressed_vol_usage_bytes":  0,
    "compression_ratio":  1,
    "creation_time":  1556909203,
    "description":  "",
    "folset_id":  "",
    "folset_name":  "",
    "fqn":  "/test",
    "free_space_bytes":  20980101320196,
    "full_name":  "default:/test",
    "id":  "2f2b4bd8361b856bbc000000000000000000000001",
    "inherited_vol_perfpol_id":  "032b4bd8361b856bbc000000000000000000000001",
    "inherited_vol_perfpol_name":  "default",
    "last_modified":  1556909203,
    "limit_bytes":  24716521871770,
    "limit_bytes_specified":  false,
    "limit_iops":  -1,
    "limit_mbps":  -1,
    "limit_size_bytes":  -1,
    "name":  "test",
    "num_snapcolls":  null,
    "num_snaps":  null,
    "pool_id":  "0a2b4bd8361b856bbc000000000000000000000001",
    "pool_name":  "default",
    "search_name":  "test",
    "snap_compression_ratio":  1,
    "uncompressed_snap_usage_bytes":  0,
    "uncompressed_vol_usage_bytes":  0,
    "unused_reserve_bytes":  0,
    "unused_snap_reserve_bytes":  0,
    "usage_bytes":  0,
    "usage_valid":  true,
    "vol_compression_ratio":  1,
    "volume_list":  null
}