{
    "access_protocol":  "iscsi",
    "agent_type":  "smis",
    "app_uuid":  "00000002000040028b4bd8361b856bbc",
    "appserver_id":  "",
    "appserver_name":  "",
    "capacity_bytes":  1099511627776,
    "compressed_snap_usage_bytes":  0,
    "compressed_vol_usage_bytes":  0,
    "compression_ratio":  1,
    "creation_time":  1559835493,
    "description":  "Virtual Machine Manager Folder",
    "folset_id":  "",
    "folset_name":  "",
    "fqn":  "/SCVMM",
    "free_space_bytes":  1099511627776,
    "full_name":  "default:/SCVMM",
    "id":  "2f2b4bd8361b856bbc000000000000000000000002",
    "inherited_vol_perfpol_id":  "032b4bd8361b856bbc000000000000000000000017",
    "inherited_vol_perfpol_name":  "Hyper-V 2012 VM Storage",
    "last_modified":  1559835493,
    "limit_bytes":  1099511627776,
    "limit_bytes_specified":  true,
    "limit_iops":  -1,
    "limit_mbps":  -1,
    "limit_size_bytes":  1099511627776,
    "name":  "SCVMM",
    "num_snapcolls":  null,
    "num_snaps":  null,
    "pool_id":  "0a2b4bd8361b856bbc000000000000000000000001",
    "pool_name":  "default",
    "search_name":  "SCVMM",
    "snap_compression_ratio":  1,
    "uncompressed_snap_usage_bytes":  0,
    "uncompressed_vol_usage_bytes":  0,
    "unused_reserve_bytes":  0,
    "unused_snap_reserve_bytes":  0,
    "usage_bytes":  0,
    "usage_valid":  true,
    "vol_compression_ratio":  1,
    "volume_list":  [
                        {
                            "id":  "062b4bd8361b856bbc000000000000000000000009",
                            "name":  "starter-vol-3119824893785762748-2",
                            "vol_id":  "062b4bd8361b856bbc000000000000000000000009",
                            "vol_name":  "starter-vol-3119824893785762748-2"
                        }
                    ]
}