{
    "id":  "2c2b4bd8361b856bbc0001000000000a0000000800",
    "array_name":  "cs700",
    "array_id":  "092b4bd8361b856bbc000000000000000000000001",
    "serial":  "64O0A005TZP8",
    "is_dfc":  false,
    "shelf_serial":  "AC-109032",
    "shelf_id":  "2d2b4bd8361b856bbc00000001000041430001a9e8",
    "shelf_location":  "A.0",
    "shelf_location_id":  0,
    "vshelf_id":  0,
    "slot":  8,
    "bank":  0,
    "state":  "in use",
    "raid_state":  "N/A",
    "size":  800166076416,
    "type":  "ssd",
    "block_type":  "block_none",
    "disk_internal_stat_1":  "0068643c8b",
    "model":  "PX03SNF080",
    "path":  "/dev/sdi",
    "vendor":  "Nimble",
    "firmware_version":  "0201",
    "hba":  0,
    "port":  8,
    "raid_id":  -1,
    "raid_resync_percent":  0,
    "raid_resync_current_speed":  0,
    "raid_resync_average_speed":  0,
    "smart_attribute_list":  [
                                 {
                                     "name":  "Total Corrected Write Errors",
                                     "smart_id":  131075,
                                     "cur_value":  0,
                                     "worst_value":  0,
                                     "threshold":  0,
                                     "flags":  0,
                                     "raw_value":  0,
                                     "last_updated_epoch_secs":  1583875805
                                 },
                                 {
                                     "name":  "Total Write Bytes Processed",
                                     "smart_id":  131077,
                                     "cur_value":  0,
                                     "worst_value":  0,
                                     "threshold":  0,
                                     "flags":  0,
                                     "raw_value":  55988227620864,
                                     "last_updated_epoch_secs":  1583875805
                                 },
                                 {
                                     "name":  "Total Uncorrected Write Errors",
                                     "smart_id":  131078,
                                     "cur_value":  0,
                                     "worst_value":  0,
                                     "threshold":  0,
                                     "flags":  0,
                                     "raw_value":  0,
                                     "last_updated_epoch_secs":  1583875805
                                 },
                                 {
                                     "name":  "Total Corrected Read Errors",
                                     "smart_id":  196611,
                                     "cur_value":  0,
                                     "worst_value":  0,
                                     "threshold":  0,
                                     "flags":  0,
                                     "raw_value":  0,
                                     "last_updated_epoch_secs":  1583875805
                                 },
                                 {
                                     "name":  "Total Read Bytes Processed",
                                     "smart_id":  196613,
                                     "cur_value":  0,
                                     "worst_value":  0,
                                     "threshold":  0,
                                     "flags":  0,
                                     "raw_value":  240326953745920,
                                     "last_updated_epoch_secs":  1583875805
                                 },
                                 {
                                     "name":  "Total Uncorrected Read Errors",
                                     "smart_id":  196614,
                                     "cur_value":  0,
                                     "worst_value":  0,
                                     "threshold":  0,
                                     "flags":  0,
                                     "raw_value":  0,
                                     "last_updated_epoch_secs":  1583875805
                                 },
                                 {
                                     "name":  "Non-medium Errors",
                                     "smart_id":  393216,
                                     "cur_value":  0,
                                     "worst_value":  0,
                                     "threshold":  0,
                                     "flags":  0,
                                     "raw_value":  2061,
                                     "last_updated_epoch_secs":  1583875805
                                 },
                                 {
                                     "name":  "Temperature C",
                                     "smart_id":  851968,
                                     "cur_value":  0,
                                     "worst_value":  0,
                                     "threshold":  0,
                                     "flags":  0,
                                     "raw_value":  28,
                                     "last_updated_epoch_secs":  1583875805
                                 },
                                 {
                                     "name":  "SS Media Wear Indicator",
                                     "smart_id":  1114113,
                                     "cur_value":  0,
                                     "worst_value":  0,
                                     "threshold":  0,
                                     "flags":  0,
                                     "raw_value":  5,
                                     "last_updated_epoch_secs":  1583875806
                                 },
                                 {
                                     "name":  "Power on hours",
                                     "smart_id":  1376256,
                                     "cur_value":  0,
                                     "worst_value":  0,
                                     "threshold":  0,
                                     "flags":  0,
                                     "raw_value":  41224,
                                     "last_updated_epoch_secs":  1583875806
                                 }
                             ]
}