{
    "id":  "2c2b4bd8361b856bbc0001000000000a0000000100",
    "array_name":  "cs700",
    "array_id":  "092b4bd8361b856bbc000000000000000000000001",
    "serial":  "P8K644SW",
    "is_dfc":  false,
    "shelf_serial":  "AC-109032",
    "shelf_id":  "2d2b4bd8361b856bbc00000001000041430001a9e8",
    "shelf_location":  "A.0",
    "shelf_location_id":  0,
    "vshelf_id":  0,
    "slot":  1,
    "bank":  0,
    "state":  "in use",
    "raid_state":  "okay",
    "size":  3000592982016,
    "type":  "hdd",
    "block_type":  "block_none",
    "disk_internal_stat_1":  "001baeaafa",
    "model":  "HUS724030ALS640",
    "path":  "/dev/sdp",
    "vendor":  "Nimble",
    "firmware_version":  "A1C4",
    "hba":  0,
    "port":  15,
    "raid_id":  10,
    "raid_resync_percent":  100,
    "raid_resync_current_speed":  0,
    "raid_resync_average_speed":  0,
    "smart_attribute_list":  [
                                 {
                                     "name":  "Total Corrected Write Errors",
                                     "smart_id":  131075,
                                     "cur_value":  0,
                                     "worst_value":  0,
                                     "threshold":  0,
                                     "flags":  0,
                                     "raw_value":  0,
                                     "last_updated_epoch_secs":  1583875806
                                 },
                                 {
                                     "name":  "Total Write Bytes Processed",
                                     "smart_id":  131077,
                                     "cur_value":  0,
                                     "worst_value":  0,
                                     "threshold":  0,
                                     "flags":  0,
                                     "raw_value":  78193238714368,
                                     "last_updated_epoch_secs":  1583875806
                                 },
                                 {
                                     "name":  "Total Uncorrected Write Errors",
                                     "smart_id":  131078,
                                     "cur_value":  0,
                                     "worst_value":  0,
                                     "threshold":  0,
                                     "flags":  0,
                                     "raw_value":  0,
                                     "last_updated_epoch_secs":  1583875806
                                 },
                                 {
                                     "name":  "Total Corrected Read Errors",
                                     "smart_id":  196611,
                                     "cur_value":  0,
                                     "worst_value":  0,
                                     "threshold":  0,
                                     "flags":  0,
                                     "raw_value":  17687,
                                     "last_updated_epoch_secs":  1583875806
                                 },
                                 {
                                     "name":  "Total Read Bytes Processed",
                                     "smart_id":  196613,
                                     "cur_value":  0,
                                     "worst_value":  0,
                                     "threshold":  0,
                                     "flags":  0,
                                     "raw_value":  251710175116800,
                                     "last_updated_epoch_secs":  1583875806
                                 },
                                 {
                                     "name":  "Total Uncorrected Read Errors",
                                     "smart_id":  196614,
                                     "cur_value":  0,
                                     "worst_value":  0,
                                     "threshold":  0,
                                     "flags":  0,
                                     "raw_value":  0,
                                     "last_updated_epoch_secs":  1583875806
                                 },
                                 {
                                     "name":  "Non-medium Errors",
                                     "smart_id":  393216,
                                     "cur_value":  0,
                                     "worst_value":  0,
                                     "threshold":  0,
                                     "flags":  0,
                                     "raw_value":  0,
                                     "last_updated_epoch_secs":  1583875806
                                 },
                                 {
                                     "name":  "Temperature C",
                                     "smart_id":  851968,
                                     "cur_value":  0,
                                     "worst_value":  0,
                                     "threshold":  0,
                                     "flags":  0,
                                     "raw_value":  30,
                                     "last_updated_epoch_secs":  1583875806
                                 },
                                 {
                                     "name":  "Start stop count",
                                     "smart_id":  917508,
                                     "cur_value":  0,
                                     "worst_value":  0,
                                     "threshold":  0,
                                     "flags":  0,
                                     "raw_value":  1219,
                                     "last_updated_epoch_secs":  1583875806
                                 },
                                 {
                                     "name":  "Power on hours",
                                     "smart_id":  1376256,
                                     "cur_value":  0,
                                     "worst_value":  0,
                                     "threshold":  0,
                                     "flags":  0,
                                     "raw_value":  43717,
                                     "last_updated_epoch_secs":  1583875806
                                 }
                             ]
}