{
    "id":  "1c2b4bd8361b856bbc000000010000000001040000",
    "name":  "eth4",
    "array_id":  "092b4bd8361b856bbc000000000000000000000001",
    "array_name_or_serial":  "cs700",
    "controller_id":  "c32b4bd8361b856bbc000000000000000100000000",
    "controller_name":  "A",
    "mac":  "00:E0:ED:29:F9:A1",
    "is_present":  1,
    "link_speed":  "link_speed_1000M",
    "link_status":  "link_status_up",
    "mtu":  1500,
    "port":  1,
    "slot":  1,
    "max_link_speed":  "link_speed_1000M",
    "nic_type":  "nic_type_tp"
}