{
    "id":  "c32b4bd8361b856bbc000000000000000100000000",
    "name":  "A",
    "array_name":  "cs700",
    "array_id":  "092b4bd8361b856bbc000000000000000000000001",
    "serial":  "AC-109032-C1",
    "hostname":  "cs700-A",
    "asup_time":  0,
    "support_address":  "192.168.1.61",
    "support_netmask":  "255.255.255.0",
    "support_nic":  "eth1",
    "power_status":  "ps_okay",
    "fan_status":  "fan_okay",
    "temperature_status":  "temperature_okay",
    "power_supplies":  [
                           {
                               "name":  "power-supply1",
                               "display_name":  "power-supply1",
                               "location":  "left rear",
                               "ctrlr_owner":  "independent",
                               "state":  "sensor_ok",
                               "current_reading":  0
                           },
                           {
                               "name":  "power-supply2",
                               "display_name":  "power-supply2",
                               "location":  "right rear",
                               "ctrlr_owner":  "independent",
                               "state":  "sensor_ok",
                               "current_reading":  0
                           }
                       ],
    "fans":  [
                 {
                     "name":  "fan1",
                     "display_name":  "fan1",
                     "location":  "lower front of controller A",
                     "ctrlr_owner":  "A",
                     "state":  "sensor_ok",
                     "current_reading":  9698
                 },
                 {
                     "name":  "fan2",
                     "display_name":  "fan2",
                     "location":  "lower left rear of controller A",
                     "ctrlr_owner":  "A",
                     "state":  "sensor_ok",
                     "current_reading":  9613
                 },
                 {
                     "name":  "fan3",
                     "display_name":  "fan3",
                     "location":  "lower right rear of controller A",
                     "ctrlr_owner":  "A",
                     "state":  "sensor_ok",
                     "current_reading":  9996
                 },
                 {
                     "name":  "fan4",
                     "display_name":  "fan4",
                     "location":  "upper right front of controller A",
                     "ctrlr_owner":  "A",
                     "state":  "sensor_ok",
                     "current_reading":  9273
                 },
                 {
                     "name":  "fan5",
                     "display_name":  "fan5",
                     "location":  "upper left front of controller A",
                     "ctrlr_owner":  "A",
                     "state":  "sensor_ok",
                     "current_reading":  9418
                 },
                 {
                     "name":  "fan6",
                     "display_name":  "fan6",
                     "location":  "upper left rear of controller A",
                     "ctrlr_owner":  "A",
                     "state":  "sensor_ok",
                     "current_reading":  9205
                 }
             ],
    "temperature_sensors":  [
                                {
                                    "name":  "motherboard",
                                    "display_name":  "motherboard",
                                    "location":  "motherboard",
                                    "ctrlr_owner":  "A",
                                    "state":  "sensor_ok",
                                    "current_reading":  41
                                },
                                {
                                    "name":  "bp-temp1",
                                    "display_name":  "bp-temp1",
                                    "location":  "left-side backplane",
                                    "ctrlr_owner":  "A",
                                    "state":  "sensor_ok",
                                    "current_reading":  26
                                }
                            ],
    "partition_status":  [
                             {
                                 "raid_id":  18,
                                 "raid_type":  "raid10",
                                 "max_copies":  4,
                                 "cur_copies":  4,
                                 "is_resyncing":  false
                             },
                             {
                                 "raid_id":  16,
                                 "raid_type":  "raid10",
                                 "max_copies":  4,
                                 "cur_copies":  4,
                                 "is_resyncing":  false
                             },
                             {
                                 "raid_id":  14,
                                 "raid_type":  "raid0",
                                 "max_copies":  1,
                                 "cur_copies":  1,
                                 "is_resyncing":  false
                             },
                             {
                                 "raid_id":  12,
                                 "raid_type":  "raid10",
                                 "max_copies":  4,
                                 "cur_copies":  4,
                                 "is_resyncing":  false
                             },
                             {
                                 "raid_id":  10,
                                 "raid_type":  "raid10",
                                 "max_copies":  4,
                                 "cur_copies":  4,
                                 "is_resyncing":  false
                             },
                             {
                                 "raid_id":  0,
                                 "raid_type":  "raid0",
                                 "max_copies":  1,
                                 "cur_copies":  1,
                                 "is_resyncing":  false
                             }
                         ],
    "ctrlr_side":  "A",
    "state":  "active"
}