{
    "access_protocol_list":  [
                                 "iscsi"
                             ],
    "alarms_enabled":  true,
    "alert_from_email_addr":  "firefly@lionetti.com",
    "alert_min_level":  "critical",
    "alert_to_email_addrs":  "chris.lionetti@hpe.com,chris@lionetti.com",
    "allow_support_tunnel":  false,
    "autosupport_enabled":  true,
    "default_snap_limit":  9223372036854775807,
    "default_snap_limit_percent":  -1,
    "default_snap_reserve":  0,
    "default_snap_warn_level":  0,
    "default_volume_limit":  100,
    "default_volume_reserve":  0,
    "default_volume_warn_level":  80,
    "dns_servers":  [
                        {
                            "ip_addr":  "192.168.1.1"
                        },
                        {
                            "ip_addr":  "192.168.1.70"
                        }
                    ],
    "domain_name":  "lionetti.lab",
    "fc_enabled":  false,
    "group_target_enabled":  false,
    "group_target_name":  "iqn.2007-11.com.nimblestorage:firefly-g2b4bd8361b856bbc",
    "id":  "002b4bd8361b856bbc000000000000000000000001",
    "iscsi_enabled":  true,
    "isns_enabled":  false,
    "isns_port":  3205,
    "isns_server":  "",
    "merge_group_name":  "",
    "merge_state":  "none",
    "name":  "Firefly",
    "ntp_server":  "time.nist.gov",
    "proxy_port":  0,
    "proxy_server":  "",
    "proxy_username":  "",
    "send_alert_to_support":  false,
    "smtp_auth_enabled":  true,
    "smtp_auth_username":  "firefly",
    "smtp_encrypt_type":  "ssl",
    "smtp_port":  465,
    "smtp_server":  "mail.server294.com",
    "snmp_community":  "public",
    "snmp_get_enabled":  true,
    "snmp_get_port":  161,
    "snmp_sys_contact":  "Chris Lionetti",
    "snmp_sys_location":  "Lionetti Rack",
    "snmp_trap_enabled":  true,
    "snmp_trap_host":  "192.168.1.76",
    "snmp_trap_port":  162,
    "syslogd_enabled":  false,
    "syslogd_port":  514,
    "syslogd_server":  "",
    "timezone":  "America/Los_Angeles",
    "unique_name_enabled":  false,
    "user_inactivity_timeout":  1800,
    "vss_validation_timeout":  60,
    "vvol_enabled":  true,
    "member_list":  [
                        "cs700"
                    ],
    "compressed_vol_usage_bytes":  3723485168580,
    "compressed_snap_usage_bytes":  12935382994,
    "uncompressed_vol_usage_bytes":  3750919921664,
    "uncompressed_snap_usage_bytes":  20715802624,
    "usable_capacity_bytes":  24716521871770,
    "usage":  3736420551574,
    "raw_capacity":  36007115784192,
    "usable_cache_capacity":  3200555941888,
    "raw_cache_capacity":  3200664305664,
    "snap_usage_populated":  194026969686016,
    "pending_deletes":  0,
    "num_connections":  27,
    "vol_compression_ratio":  1.00737,
    "snap_compression_ratio":  1.60148,
    "compression_ratio":  1.00942,
    "dedupe_ratio":  1,
    "clone_ratio":  1.00004,
    "vol_thin_provisioning_ratio":  5.00441,
    "savings_ratio":  5.02938,
    "data_reduction_ratio":  1.00946,
    "savings_dedupe":  0,
    "savings_compression":  35215172714,
    "savings_clone":  145022976,
    "savings_vol_thin_provisioning":  15020235694080,
    "savings_data_reduction":  35360195690,
    "savings":  15055450866794,
    "free_space":  20980101320196,
    "unused_reserve_bytes":  0,
    "usage_valid":  true,
    "space_info_valid":  true,
    "version_current":  "5.0.6.0-593144-opt",
    "version_target":  "",
    "version_rollback":  "",
    "update_state":  "normal",
    "update_start_time":  0,
    "update_end_time":  0,
    "update_array_names":  "",
    "update_progress_msg":  "",
    "update_error_code":  "SM_ok",
    "update_downloading":  false,
    "update_download_error_code":  "SM_ok",
    "update_download_start_time":  1575908614,
    "update_download_end_time":  1575908738,
    "iscsi_automatic_connection_method":  true,
    "iscsi_connection_rebalancing":  true,
    "repl_throttled_bandwidth":  -1,
    "repl_throttled_bandwidth_kbps":  -1,
    "repl_throttle_list":  [

                           ],
    "volume_migration_status":  [

                                ],
    "array_unassign_migration_status":  [

                                        ],
    "data_rebalance_status":  [

                              ],
    "scsi_vendor_id":  "Nimble  ",
    "encryption_config":  {
                              "master_key_set":  false,
                              "mode":  "none",
                              "scope":  "none",
                              "cipher":  "none",
                              "encryption_active":  false
                          },
    "last_login":  "admin @ 2020-03-10T14:33:18-0700 from 192.168.1.201",
    "num_snaps":  1723,
    "num_snapcolls":  889,
    "date":  1583876000,
    "tlsv1_enabled":  true,
    "cc_mode_enabled":  false,
    "snap_retn_meter_high":  0,
    "snap_retn_meter_very_high":  0
}