{
    "access_protocol":  "iscsi",
    "apply_to":  "both",
    "chap_user_id":  "",
    "chap_user_name":  "*",
    "creation_time":  1575917867,
    "id":  "0d2b4bd8361b856bbc00000000000000000000002d",
    "initiator_group_id":  "022b4bd8361b856bbc00000000000000000000000a",
    "initiator_group_name":  "picard",
    "last_modified":  1575917867,
    "lun":  0,
    "pe_id":  "",
    "pe_lun":  null,
    "pe_name":  "",
    "snap_id":  "",
    "snap_name":  "",
    "snapluns":  null,
    "vol_agent_type":  "none",
    "vol_id":  "062b4bd8361b856bbc00000000000000000000002a",
    "vol_name":  "PicardTest2"
}