{
    "access_protocol":  "iscsi",
    "apply_to":  "both",
    "chap_user_id":  "",
    "chap_user_name":  "*",
    "creation_time":  1568225354,
    "id":  "0d2b4bd8361b856bbc000000000000000000000013",
    "initiator_group_id":  "022b4bd8361b856bbc00000000000000000000000b",
    "initiator_group_name":  "Dax",
    "last_modified":  1568225354,
    "lun":  0,
    "pe_id":  "",
    "pe_lun":  null,
    "pe_name":  "",
    "snap_id":  "",
    "snap_name":  "",
    "snapluns":  null,
    "vol_agent_type":  "none",
    "vol_id":  "062b4bd8361b856bbc000000000000000000000017",
    "vol_name":  "DS9CSV"
}