{
    "access_protocol":  "iscsi",
    "apply_to":  "volume",
    "chap_user_id":  "",
    "chap_user_name":  "*",
    "creation_time":  1559835493,
    "id":  "0d2b4bd8361b856bbc000000000000000000000008",
    "initiator_group_id":  "",
    "initiator_group_name":  "*",
    "last_modified":  1559835493,
    "lun":  0,
    "pe_id":  "",
    "pe_lun":  null,
    "pe_name":  "",
    "snap_id":  "",
    "snap_name":  "",
    "snapluns":  null,
    "vol_agent_type":  "smis",
    "vol_id":  "062b4bd8361b856bbc000000000000000000000009",
    "vol_name":  "starter-vol-3119824893785762748-2"
}